"Type"," Status"," Priority"," Resolution"," Affects Version/s"," Fix Version/s"," Component/s"," Labels"," Patch Info"," Estimated Complexity","Assignee"," Reporter"," Votes"," Watchers","Created"," Updated"," Resolved","Description","Comments"
"Bug","Resolved","Minor","Fixed","2.18.0","2.17.5, 2.18.2, 2.19.0","camel-swagger","None","Patch Available","Unknown","Claus Ibsen","Bob Paulin","0 Vote for this issue","4 Start watching this issue","14/Dec/16 14:42","15/Dec/16 14:26","14/Dec/16 15:31","Assume I have rest path rest(""/test"").get().type(ClassA.class).to(""direct:someRoute"");

rest(""/testSub"").get().type(ClassB.class).to(""direct:someOtherRoute"");
 And in the type ClassA contains a reference to ClassB. Within the Swagger Doc the path for ClassA renders as expected: /test:
    get:
      responses:
        200:
          schema:
            $ref: '#/definitions/ClassA'
 However ClassB gets a string parameter scheme  
/testSub:
    get:
      responses:
        200:
          schema:
             type : 'string'
             format : 'com.ClassB'
 However I'd expect it to be: /testSub:
    get:
      responses:
        200:
          schema:
            $ref: '#/definitions/ClassB'",""
